Title,URL
‘Pragmatic’ offshore energy investment policy key to ensure UK’s supply chain stays put,https://www.offshore-energy.biz/pragmatic-offshore-energy-investment-policy-key-to-ensure-uks-supply-chain-stays-put/
Offshore-Energy.biz,https://www.offshore-energy.biz/
Offshore Technology Conference (OTC),https://www.offshore-energy.biz/events/offshore-technology-conference-otc-2/
Transocean rig spuds first of ten gas wells in Black Sea drilling campaign,https://www.offshore-energy.biz/transocean-rig-spuds-first-of-ten-gas-wells-in-black-sea-drilling-campaign/
Offshore Energy Magazine,https://www.offshore-energy.biz/offshore-energy-magazine/
offshoreWIND.biz,https://www.offshorewind.biz/
MODEC gets its hands on 20-year FPSO job with Shell for Brazilian oil & gas development,https://www.offshore-energy.biz/modec-gets-its-hands-on-20-year-fpso-job-with-shell-for-brazilian-oil-gas-development/
"Oil & gas drilling adds another hydrocarbon find to Petrobras’ Brazilian arsenal
17 hours ago",https://www.offshore-energy.biz/oil-gas-drilling-adds-another-hydrocarbon-find-to-petrobras-brazilian-arsenal/
Canada throws its weight behind $4 billion hydro-powered floating LNG project,https://www.offshore-energy.biz/canada-throws-its-weight-behind-4-billion-hydro-powered-floating-lng-project/
ExxonMobil books New Wave Offshore for work on its $12.7B oil project in Guyana,https://www.offshore-energy.biz/exxonmobil-books-new-wave-offshore-for-work-on-its-12-7b-oil-project-in-guyana/
Read the Offshore Energy Magazine,https://www.offshore-energy.biz/offshore-energy-magazine/
US gives the go-ahead for Venture Global’s proposed $28 billion LNG export project in Louisiana,https://www.offshore-energy.biz/us-gives-the-go-ahead-for-venture-globals-proposed-28-billion-lng-export-project-in-louisiana/
Court changes its mind: Construction of American LNG project emerging out of legal woods,https://www.offshore-energy.biz/court-changes-its-mind-construction-of-american-lng-project-emerging-out-of-legal-woods/
"Hydraulics, mechanical or electrical: offshore engineering projects demand specialised equipment",https://www.offshore-energy.biz/hydraulics-mechanical-or-electrical-offshore-engineering-projects-demand-specialised-equipment/
Falkland Islands’ $1.4. billion oil project remains on track for FID in mid-2025,https://www.offshore-energy.biz/falkland-islands-1-4-billion-oil-project-remains-on-track-for-fid-in-mid-2025/
